<?xml version="1.0" encoding="UTF-8"?>
<!DOCTYPE generatorConfiguration
          PUBLIC "-//mybatis.org//DTD MyBatis Generator Configuration 1.0//EN"
          "http://mybatis.org/dtd/mybatis-generator-config_1_0.dtd">

<!--
     在 mybatis-generator-core-1.3.7 目录下执行
     java -jar ./lib/mybatis-generator-core-1.3.7.jar -configfile ./generatorConfig.xml -overwrite
-->
<generatorConfiguration>
    <classPathEntry  location="./lib/mysql-connector-java-5.1.34.jar"/>

    <context id="DB2Tables" targetRuntime="MyBatis3">


        <commentGenerator>
            <!-- remove comment -->
            <property name="suppressAllComments" value="true" />
        </commentGenerator>

        <jdbcConnection driverClass="com.mysql.jdbc.Driver"
                        connectionURL="jdbc:mysql://HOST:PORT/DB_NAME"
                        userId="USER_ID"
                        password="PWD">
        </jdbcConnection>

        <javaTypeResolver >
            <property name="forceBigDecimals" value="false" />
        </javaTypeResolver>

        <javaModelGenerator targetPackage="com.domain" targetProject="./src">
            <property name="enableSubPackages" value="true" />
            <property name="trimStrings" value="true" />
        </javaModelGenerator>

        <sqlMapGenerator targetPackage="com.xml"  targetProject="./src">
            <property name="enableSubPackages" value="true" />
        </sqlMapGenerator>

        <javaClientGenerator type="XMLMAPPER" targetPackage="com.dao"  targetProject="./src">
            <property name="enableSubPackages" value="true" />
        </javaClientGenerator>

        <table schema="DB_NAME" tableName="TABLE_NAME" domainObjectName="DOMAIN_NAME"
               enableCountByExample="false"
               enableUpdateByExample="false"
               enableDeleteByExample="false"
               enableSelectByExample="false"
               selectByExampleQueryId="false">
        </table>

    </context>
</generatorConfiguration>


